Workbook

Sheet DB
B2: Denumire localitate | C2: Populația rezidentă - municipii, orașe și comune | D2: Tip | E2: Nr strat
B3: MUNICIPIUL BUZĂU | C3: 103481 | D3: Municipiu | E3: =IF(C3>30000,1,IF(C3>=10000,2,IF(C3>=4000,3,IF(C3>=2000,4,5)))) -> 1
B4: MUNICIPIUL RÂMNICU SĂRAT | C4: 29774 | D4: Municipiu | E4: =IF(C4>30000,1,IF(C4>=10000,2,IF(C4>=4000,3,IF(C4>=2000,4,5)))) -> 2
B5: VADU PAȘII | C5: 9726 | D5: Comuna | E5: =IF(C5>30000,1,IF(C5>=10000,2,IF(C5>=4000,3,IF(C5>=2000,4,5)))) -> 3
B6: MĂRĂCINENI | C6: 9653 | D6: Comuna | E6: =IF(C6>30000,1,IF(C6>=10000,2,IF(C6>=4000,3,IF(C6>=2000,4,5)))) -> 3
B7: ORAȘ NEHOIU | C7: 9464 | D7: Oras | E7: =IF(C7>30000,1,IF(C7>=10000,2,IF(C7>=4000,3,IF(C7>=2000,4,5)))) -> 3
B8: VERNEȘTI | C8: 9008 | D8: Comuna | E8: =IF(C8>30000,1,IF(C8>=10000,2,IF(C8>=4000,3,IF(C8>=2000,4,5)))) -> 3
B9: BERCA | C9: 7741 | D9: Comuna | E9: =IF(C9>30000,1,IF(C9>=10000,2,IF(C9>=4000,3,IF(C9>=2000,4,5)))) -> 3
B10: MEREI | C10: 6785 | D10: Comuna | E10: =IF(C10>30000,1,IF(C10>=10000,2,IF(C10>=4000,3,IF(C10>=2000,4,5)))) -> 3
B11: ORAȘ POGOANELE | C11: 6384 | D11: Oras | E11: =IF(C11>30000,1,IF(C11>=10000,2,IF(C11>=4000,3,IF(C11>=2000,4,5)))) -> 3
B12: ORAȘ PĂTÂRLAGELE | C12: 6276 | D12: Oras | E12: =IF(C12>30000,1,IF(C12>=10000,2,IF(C12>=4000,3,IF(C12>=2000,4,5)))) -> 3
B13: SMEENI | C13: 5806 | D13: Comuna | E13: =IF(C13>30000,1,IF(C13>=10000,2,IF(C13>=4000,3,IF(C13>=2000,4,5)))) -> 3
B14: POȘTA CÂLNĂU | C14: 5542 | D14: Comuna | E14: =IF(C14>30000,1,IF(C14>=10000,2,IF(C14>=4000,3,IF(C14>=2000,4,5)))) -> 3
... B89: PARDOȘI | C89: 315 | D89: Comuna | E89: =IF(C89>30000,1,IF(C89>=10000,2,IF(C89>=4000,3,IF(C89>=2000,4,5)))) -> 5
B90: Total: | C90: =SUM(Table3[Populația rezidentă - municipii, orașe și comune]) -> 404979 | D90: =SUBTOTAL(103,Table3[Tip]) -> 87

Sheet Nr Intervievati
B2: Strat | C2: Nr in fct de strat | D2: Suma pop in fct de strat | E2: Structura staturi (wi) | F2: r | G2: ni | H2: ni/r | I2: ni final
B3: 1 | C3: =COUNTIF(Table3[Nr strat],1) -> 1 | D3: =Table3[[#This Row],[Populația rezidentă - municipii, orașe și comune]] -> 103481 | E3: =Table4[[#This Row],[Suma pop in fct de strat]]/$D$8 -> 0.25552189 | F3: 1 | G3: =Table4[[#This Row],[Structura staturi (wi)]]*Parametrii!$C$8 -> 514.47233 | H3: =Table4[[#This Row],[ni]]/Table4[[#This Row],[r]] -> 514.47233 | I3: =ROUND(Table4[[#This Row],[ni/r]],0) -> 514
B4: 2 | C4: =COUNTIF(Table3[Nr strat],2) -> 1 | D4: =SUM(Table3[[#This Row],[Populația rezidentă - municipii, orașe și comune]]) -> 29774 | E4: =Table4[[#This Row],[Suma pop in fct de strat]]/$D$8 -> 0.073519862 | F4: 1 | G4: =Table4[[#This Row],[Structura staturi (wi)]]*Parametrii!$C$8 -> 148.0262 | H4: =Table4[[#This Row],[ni]]/Table4[[#This Row],[r]] -> 148.0262 | I4: =ROUND(Table4[[#This Row],[ni/r]],0) -> 148
B5: 3 | C5: =COUNTIF(Table3[Nr strat],3) -> 23 | D5: =SUM(DB!C5:C27) -> 135645 | E5: =Table4[[#This Row],[Suma pop in fct de strat]]/$D$8 -> 0.33494329 | F5: 5 | G5: =Table4[[#This Row],[Structura staturi (wi)]]*Parametrii!$C$8 -> 674.3808 | H5: =Table4[[#This Row],[ni]]/Table4[[#This Row],[r]] -> 134.87616 | I5: =ROUND(Table4[[#This Row],[ni/r]],0) -> 135
B6: 4 | C6: =COUNTIF(Table3[Nr strat],4) -> 39 | D6: =SUM(DB!C28:C66) -> 110283 | E6: =Table4[[#This Row],[Suma pop in fct de strat]]/$D$8 -> 0.27231782 | F6: 7 | G6: =Table4[[#This Row],[Structura staturi (wi)]]*Parametrii!$C$8 -> 548.28956 | H6: =Table4[[#This Row],[ni]]/Table4[[#This Row],[r]] -> 78.32708 | I6: =ROUND(Table4[[#This Row],[ni/r]],0) -> 78
B7: 5 | C7: =COUNTIF(Table3[Nr strat],5) -> 23 | D7: =SUM(DB!C67:C89) -> 25796 | E7: =Table4[[#This Row],[Suma pop in fct de strat]]/$D$8 -> 0.06369713 | F7: 5 | G7: =Table4[[#This Row],[Structura staturi (wi)]]*Parametrii!$C$8 -> 128.24894 | H7: =Table4[[#This Row],[ni]]/Table4[[#This Row],[r]] -> 25.649787 | I7: =ROUND(Table4[[#This Row],[ni/r]],0) -> 26
B8: Total | C8: =SUM(C3:C7) -> 87 | D8: =SUM(D3:D7) -> 404979 | E8: =Table4[[#This Row],[Suma pop in fct de strat]]/$D$8 -> 1 | F8: =SUM(F3:F7) -> 19 | I8: =SUM(I3:I7) -> 901

Sheet Parametrii
B2: z | C2: 1.96
B3: disp | C3: 0.25
B4: delta w | C4: 0.03
B5: efectD | C5: 1.34
B6: efectG | C6: 1.2
B7: n | C7: =((C2^2*C3)/(C4^2+((C2^2*C3)/'Nr Intervievati'!D8))) -> 1064.3067
B8: np | C8: =C7*(1/0.85)*C5*C6 -> 2013.4178

Sheet Formule

Sheet SPSS & Sectii
A1: Stadiul 1: Selectarea localităților în SPSS
B3: 1. File → Open → Data → selectăm fișierul Excel cu baza de date
B4: 2. Analyze → Complex Samples → Select a Sample
B5: 3. La File scriem numele planului: plan_sondaj
B6: 4. Stratify by: strat
B7: 5. Metoda rămâne Simple Random Sampling
B8: 6. La Clusters/Units: punem variabila strat, iar la Size introducem valoarea r (numărul de localități de selectat din fiecare strat) ca constant
B9: 7. Bifăm toate căsuțele pentru salvarea variabilelor (probabilitate de includere, ponderi etc.)
B10: 8. New Dataset → denumit esantion_meri
B11: 9. Finish
A13: Sectii: Selectarea secțiilor de votare (unități de eșantionare intermediare)
B14: Premisă: Toate secțiile de votare au același număr de votanți (alocare egală pe secții).
B15: Exemplu de calcul:
B16: O comună cu 2.000 locuitori și 2 secții → fiecare secție = 1.000 votanți
B17: Regula de selecție:
B18: Oraș → se selectează 2 secții de votare
B19: Comună → se selectează 1 secție de votare
B20: Selecția secțiilor se face sistematic (pas de eșantionare = nr. total secții / nr. secții de selectat), cu punct de start ales aleator.

Sheet Esantion
B2: Denumire localitate | C2: ni | D2: Populatie | E2: Strat | F2: InclusionProbability_1_ | G2: SampleWeightCumulative_1_ | H2: PopulationSize_1_ | I2: SampleSize_1_ | J2: SamplingRate_1_ | K2: SampleWeight_1_ | L2: SampleWeight_Final_
B3: MUNICIPIUL BUZĂU | C3: 514 | D3: 103481 | E3: 1 | F3: 1 | G3: 1 | H3: 1 | I3: 1 | J3: 1 | K3: 1 | L3: 1
B4: MUNICIPIUL RÂMNICU SĂRAT | C4: 148 | D4: 29774 | E4: 2 | F4: 1 | G4: 1 | H4: 1 | I4: 1 | J4: 1 | K4: 1 | L4: 1
B5: VADU PAȘII | C5: 135 | D5: 9726 | E5: 3 | F5: 0.22 | G5: 4.5454545 | H5: 23 | I5: 5 | J5: 0.22 | K5: 4.5454545 | L5: 4.5454545
B6: MĂRĂCINENI | C6: 135 | D6: 9653 | E6: 3 | F6: 0.22 | G6: 4.5454545 | H6: 23 | I6: 5 | J6: 0.22 | K6: 4.5454545 | L6: 4.5454545
B7: ORAȘ NEHOIU | C7: 135 | D7: 9464 | E7: 3 | F7: 0.22 | G7: 4.5454545 | H7: 23 | I7: 5 | J7: 0.22 | K7: 4.5454545 | L7: 4.5454545
B8: VERNEȘTI | C8: 135 | D8: 9008 | E8: 3 | F8: 0.22 | G8: 4.5454545 | H8: 23 | I8: 5 | J8: 0.22 | K8: 4.5454545 | L8: 4.5454545
B9: BERCA | C9: 135 | D9: 7741 | E9: 3 | F9: 0.22 | G9: 4.5454545 | H9: 23 | I9: 5 | J9: 0.22 | K9: 4.5454545 | L9: 4.5454545
B10: PADINA | C10: 78 | D10: 3451 | E10: 4 | F10: 0.18 | G10: 5.5555556 | H10: 39 | I10: 7 | J10: 0.18 | K10: 5.5555556 | L10: 5.5555556
B11: SĂPOCA | C11: 78 | D11: 3391 | E11: 4 | F11: 0.18 | G11: 5.5555556 | H11: 39 | I11: 7 | J11: 0.18 | K11: 5.5555556 | L11: 5.5555556
B12: PUIEȘTI | C12: 78 | D12: 3371 | E12: 4 | F12: 0.18 | G12: 5.5555556 | H12: 39 | I12: 7 | J12: 0.18 | K12: 5.5555556 | L12: 5.5555556
B13: GLODEANU-SILIȘTEA | C13: 78 | D13: 3364 | E13: 4 | F13: 0.18 | G13: 5.5555556 | H13: 39 | I13: 7 | J13: 0.18 | K13: 5.5555556 | L13: 5.5555556
B14: PODGORIA | C14: 78 | D14: 3266 | E14: 4 | F14: 0.18 | G14: 5.5555556 | H14: 39 | I14: 7 | J14: 0.18 | K14: 5.5555556 | L14: 5.5555556
... B21: ODĂILE | C21: 26 | D21: 651 | E21: 5 | F21: 0.2173913 | G21: 4.6 | H21: 23 | I21: 5 | J21: 0.2173913 | K21: 4.6 | L21: 4.6

Sheet Sectie Votare
B2: Nr. Secţie de votare | C2: Localitatea Sediului Secţiei de Votare | D2: Sediul Secţiei de Votare | E2: Adresa Secţiei de votare | F2: (sediul Secţiei de votare)
B3: 146 | C3: BERCA | D3: Casa de cultură Berca-Parter | E3: Strada 1 Decembrie , Nr. 71 | F3: (sediul Secţiei de votare)
B4: 146 | C4: BERCA [45110] | F4: toate numerele din intervalul nr. 1 -180# nr. 421 -500# nr. - bl. 1, bl. 2, bl. 3, bl. 4, bl. 5, bl. 6, bl. 7, bl. 8, bl. 9#
B5: 102 | C5: NEHOIU | D5: Casa de Cultură GEORGE BĂICULESCU Nehoiu | E5: Strada 1 Decembrie 1918 , Nr. 1 | F5: (sediul Secţiei de votare)
B6: 102 | C6: NEHOIU [47925] | E6: Strada 1 Decembrie 1918 | F6: integral#
B7: 103 | C7: NEHOIU | D7: Grup Scolar Tehnic Nehoiu Str. Scolii | E7: Strada Şcolii , Nr. 1 | F7: (sediul Secţiei de votare)
B8: 103 | C8: NEHOIU [47925] | E8: Strada Alba Iulia | F8: integral#
